148239.5,1,0.2,149211,1
138135,0.666666667,0.466666667,210478,1
226863,1,0.2,228424,1
210482,1,0.2,212674,1
233415,1,0.2,237036,1
217035,1,0.2,218946,1
212939,1,0.2,217050,1
190827,1,0.2,196287,1
224406,1,0.2,227307,1
221949,1,0.2,224270,1
204749,1,0.2,205794,1
218673,1,0.2,221912,1
231777,1,0.2,235528,1
185913,1,0.2,186890,1
208845,1,0.2,209476,1
225224,1,0.2,227027,1
229890,1,0.2,235045,1
205817,1,0.2,206795,1
207207,1,0.2,209505,1
207207,1,0.2,210189,1
233415,1,0.2,237832,1
217854,1,0.2,219633,1
230139,1,0.2,233195,1
217034,1,0.2,220007,1
214578,1,0.2,216921,1
166528,0.666666667,0.466666667,255784,1
200655,1,0.2,203646,1
292383,1,0.2,305362,1
205569,1,0.2,206943,1
233415,1,0.2,237376,1
227682,1,0.2,234699,1
190007,1,0.2,191172,1
226871.5,1,0.2,231617,1
218663.5,1,0.2,220157,1
219492,1,0.2,222178,1
214578,1,0.2,216631,1
210992,1,0.2,214009,1
245191,1,0.2,250311,1
239148,1,0.2,243425,1
213759,1,0.2,214884,1
218372.5,1,0.2,222054,1
225054.5,1,0.2,228412,1
211771,1,0.2,217336,1
204750,1,0.2,205120,1
212940,1,0.2,214106,1
218673,1,0.2,222179,1
201474,1,0.2,202357,1
150693,0.666666667,0.466666667,231102,1
228500,1,0.2,233622,1
216216,1,0.2,217749,1
212940,1,0.2,214800,1
202292,1,0.2,203072,1
228501,1,0.2,232439,1
221130,1,0.2,226178,1
217854,1,0.2,222679,1
212121,1,0.2,213110,1
198198,1,0.2,200289,1
212939,1,0.2,214606,1
63299,1,0.2,64260,1
183455.5,1,0.2,186659,1
212940,1,0.2,214071,1
197379,1,0.2,198551,1
215397,1,0.2,216442,1
208026,1,0.2,208398,1
222767,1,0.2,228137,1
235053,1,0.2,238276,1
222768,1,0.2,224289,1
204749,1,0.2,208819,1
239148,1,0.2,243063,1
234234,1,0.2,238955,1
222768,1,0.2,224398,1
229320,1,0.2,232756,1
228501,1,0.2,232498,1
214577,1,0.2,216366,1
230139,1,0.2,235495,1
221949,1,0.2,224483,1
219491,1,0.2,222641,1
261261,1,0.2,269076,1
156154,0.666666667,0.466666667,236599,1
233415,1,0.2,239443,1
267813,1,0.2,279628,1
206371.5,1,0.2,210817,1
234249.5,1,0.2,239331,1
215397,1,0.2,216257,1
212120,1,0.2,212590,1
227682,1,0.2,231669,1
226044,1,0.2,229113,1
214578,1,0.2,219771,1
217035,1,0.2,225024,1
210482,1,0.2,211196,1
225588,1,0.2,227402,1
228956,1,0.2,234072,1
152333,0.666666667,0.466666667,233400,1
218673,1,0.2,221239,1
223586,1,0.2,228484,1
244881,1,0.2,248286,1
237510,1,0.2,242124,1
238329,1,0.2,243698,1
260442,1,0.2,267288,1
219929.5,1,0.2,221464,1
187930.5,1,0.2,188939,1
221949,1,0.2,222708,1
208845,1,0.2,209613,1
233415,1,0.2,237023,1
212431,1,0.2,213718,1
220000,1,0.2,222123,1
194103,1,0.2,196346,1
229319,1,0.2,231011,1
209093.5,1,0.2,210915,1
207776.5,1,0.2,208761,1
270270,1,0.2,279568,1
208026,1,0.2,209125,1
224406,1,0.2,226044,1
189189,1,0.2,189781,1
227681,1,0.2,232175,1
204750,1,0.2,206112,1
217034,1,0.2,218126,1
234234,1,0.2,237003,1
210483,1,0.2,213511,1
221129,1,0.2,224018,1
208845,1,0.2,209555,1
221130,1,0.2,223428,1
224406,1,0.2,228031,1
233415,1,0.2,238401,1
217034,1,0.2,221808,1
206387,1,0.2,207247,1
232596,1,0.2,238631,1
222768,1,0.2,225776,1
204929.5,1,0.2,210276,1
222587.5,1,0.2,224064,1
189189,1,0.2,192051,1
221130,1,0.2,232395,1
223587,1,0.2,230090,1
231121.5,1,0.2,235886,1
217688.5,1,0.2,220371,1
221949,1,0.2,224016,1
205569,1,0.2,207501,1
214578,1,0.2,215375,1
226863,1,0.2,230410,1
243242,1,0.2,247119,1
236178.5,1,0.2,238732,1
239660.5,1,0.2,245308,1
187550,1,0.2,189198,1
222768,1,0.2,227352,1
220310,1,0.2,221980,1
230958,1,0.2,236433,1
207407.5,1,0.2,208684,1
225843.5,1,0.2,228881,1
194922,1,0.2,196734,1
219492,1,0.2,221390,1
227681,1,0.2,229699,1
232595,1,0.2,236025,1
233415,1,0.2,239230,1
221949,1,0.2,223048,1
262899,1,0.2,273922,1
228477.5,1,0.2,229587,1
208867.5,1,0.2,209511,1
215397,1,0.2,216573,1
237510,1,0.2,240846,1
199836,1,0.2,200973,1
248975,1,0.2,257774,1
215788,1,0.2,217200,1
237937,1,0.2,243182,1
212940,1,0.2,213774,1
229320,1,0.2,230595,1
199017,1,0.2,202725,1
252251,1,0.2,258321,1
251433,1,0.2,256420,1
221949,1,0.2,222968,1
229320,1,0.2,233572,1
218673,1,0.2,219360,1
228499,1,0.2,230373,1
214578,1,0.2,219243,1
248976,1,0.2,254477,1
246169.5,1,0.2,251158,1
211651.5,1,0.2,212128,1
230138,1,0.2,232385,1
247338,1,0.2,253855,1
199017,1,0.2,201578,1
219492,1,0.2,222192,1
226863,1,0.2,230843,1
247336,1,0.2,252828,1
48070,1,0.2,48713,1
191072,1,0.2,193858,1
221969.5,1,0.2,225799,1
247050,1,0.2,255082,1
214845.5,1,0.2,217849,1
226044,1,0.2,230192,1
206387,1,0.2,206610,1
246519,1,0.2,256331,1
232595,1,0.2,236433,1
207207,1,0.2,207687,1
187551,1,0.2,192034,1
236691,1,0.2,240247,1
223586,1,0.2,227186,1
216216,1,0.2,218757,1
233415,1,0.2,237209,1
244881,1,0.2,249588,1
236691,1,0.2,242664,1
193283,1,0.2,196374,1
211301,1,0.2,212726,1
217854,1,0.2,219759,1
234234,1,0.2,237980,1
221130,1,0.2,222064,1
264537,1,0.2,272496,1
212121,1,0.2,211907,1
230957,1,0.2,233761,1
217562,1,0.2,219280,1
255820,1,0.2,264739,1
232520,1,0.2,235291,1
208920,1,0.2,209456,1
197379,1,0.2,199674,1
219491,1,0.2,222714,1
257985,1,0.2,261595,1
231777,1,0.2,235388,1
212121,1,0.2,214337,1
225225,1,0.2,230004,1
215001,1,0.2,220691,1
223982,1,0.2,228010,1
257749.5,1,0.2,265709,1
267228.5,1,0.2,278213,1
240786,1,0.2,244698,1
222768,1,0.2,225600,1
208026,1,0.2,208453,1
188369,1,0.2,189207,1
241605,1,0.2,248747,1
233415,1,0.2,237095,1
217854,1,0.2,220673,1
215397,1,0.2,218935,1
262898,1,0.2,269713,1
204749,1,0.2,208484,1
244881,1,0.2,251205,1
244881,1,0.2,249861,1
239148,1,0.2,243933,1
226044,1,0.2,227230,1
254879.5,1,0.2,261261,1
157677.3333,0.666666667,0.466666667,240793,1
217034,1,0.2,220201,1
219492,1,0.2,221861,1
233414,1,0.2,236240,1
230023.5,1,0.2,233006,1
149680,0.666666667,0.466666667,228077,1
235872,1,0.2,241229,1
194102,1,0.2,196863,1
234234,1,0.2,238903,1
235053,1,0.2,237844,1
246519,1,0.2,250931,1
222768,1,0.2,223923,1
239966,1,0.2,244434,1
190007,1,0.2,190428,1
217854,1,0.2,219128,1
239148,1,0.2,242968,1
286650,1,0.2,297790,1
225225,1,0.2,228909,1
226863,1,0.2,230203,1
201473,1,0.2,203789,1
178539.3333,0.666666667,0.466666667,278086,1
217035,1,0.2,218404,1
204654.5,1,0.2,208818,1
4094.5,1,0.2,4098,1
257165,1,0.2,263160,1
191550.5,1,0.2,192415,1
267089.5,1,0.2,276505,1
214578,1,0.2,215542,1
234989.5,1,0.2,241476,1
225288.5,1,0.2,227851,1
229320,1,0.2,232666,1
236691,1,0.2,242696,1
128309.6667,0.666666667,0.466666667,194008,1
231754,1,0.2,240615,1
210504,1,0.2,211063,1
208026,1,0.2,211788,1
220311,1,0.2,225705,1
206388,1,0.2,208202,1
224066,1,0.2,226666,1
207547,1,0.2,210205,1
236691,1,0.2,239083,1
171441.3333,0.666666667,0.466666667,261792,1
242701.5,1,0.2,248332,1
263438.5,1,0.2,274585,1
216216,1,0.2,216974,1
242424,1,0.2,244901,1
200655,1,0.2,201305,1
208026,1,0.2,208478,1
198198,1,0.2,198266,1
292383,1,0.2,305141,1
209663,1,0.2,213151,1
220310,1,0.2,221546,1
212121,1,0.2,212749,1
219492,1,0.2,222129,1
212121,1,0.2,213402,1
217854,1,0.2,219515,1
251433,1,0.2,258072,1
205569,1,0.2,206780,1
260441,1,0.2,264937,1
234234,1,0.2,238206,1
213758,1,0.2,214601,1
238329,1,0.2,244118,1
233415,1,0.2,236233,1
288859.5,1,0.2,300040,1
195169.5,1,0.2,196190,1
214578,1,0.2,216953,1
217853,1,0.2,221500,1
153970.6667,0.666666667,0.466666667,235769,1
222768,1,0.2,225915,1
248156,1,0.2,254242,1
199017,1,0.2,202416,1
223038,1,0.2,227560,1
212670,1,0.2,216023,1
199016,1,0.2,202750,1
217854,1,0.2,220796,1
216216,1,0.2,218755,1
188688.5,1,0.2,190701,1
251114.5,1,0.2,257061,1
228500,1,0.2,233022,1
237510,1,0.2,241252,1
211302,1,0.2,211937,1
280980,1,0.2,288803,1
219428,1,0.2,222418,1
217854,1,0.2,223696,1
216216,1,0.2,220179,1
216216,1,0.2,219445,1
226044,1,0.2,228407,1
147416.6667,0.666666667,0.466666667,223714,1
191646,1,0.2,192444,1
234233,1,0.2,244836,1
253071,1,0.2,257609,1
221129,1,0.2,223772,1
217035,1,0.2,218020,1
218899,1,0.2,220841,1
5,0.5,0.7,2,0
4,0.333333333,1.133333333,5,0
4,1,0.2,4,0
3.666666667,1,0.2,7,0
4,0.9,0.3,5,0
5,0.9,0.1,5,0
4,1,0.2,5,0
5,1,0.2,5,0
6,1,0.2,5,0
4,1,0.2,7,0
5,1,0.2,7,0
5,1,0.2,5,0
5,1,0.2,5,0
5,1,0.2,5,0
4,1,0.2,6,0
6,1,0.2,6,0
4,1,0.2,4,0
6,1,0.2,6,0
4,1,0.2,4,0
5,1,0.2,7,0
5,1,0.2,7,0
5,1,0.2,5,0
5,1,0.2,5,0
5,1,0.2,5,0
5,1,0.2,7,0
4,1,0.2,4,0
6,1,0.2,6,0
4,1,0.2,4,0
5,1,0.2,5,0
5,1,0.2,7,0
5,1,0.2,8,0
5,1,0.2,5,0
5,1,0.2,5,0
5,1,0.2,5,0
5,1,0.2,5,0
4,1,0.2,6,0
5,1,0.2,5,0
5,1,0.2,5,0
5,1,0.2,5,0
5,1,0.2,7,0
5,1,0.2,7,0
5,1,0.2,5,0
4,1,0.2,4,0
6,1,0.2,6,0
5,1,0.2,7,0
4,1,0.2,4,0
5,1,0.2,5,0
5,1,0.2,5,0
5,1,0.2,7,0
5,1,0.2,7,0
5,1,0.2,5,0
5,1,0.2,5,0
5,1,0.2,5,0
4,1,0.2,4,0
5,1,0.2,7,0
5,1,0.2,5,0
5,1,0.2,7,0
5,1,0.2,5,0
5,1,0.2,5,0
5,1,0.2,7,0
5,1,0.2,5,0
5,1,0.2,5,0
5,1,0.2,5,0
4,1,0.2,4,0
6,1,0.2,10,0
4,1,0.2,4,0
5,1,0.2,5,0
5,1,0.2,5,0
5,1,0.2,5,0
5,1,0.2,7,0
3.666666667,0.666666667,0.466666667,5,0
4,1,0.2,4,0
6,1,0.2,8,0
4,1,0.2,4,0
5,1,0.2,7,0
5,1,0.2,5,0
5,1,0.2,5,0
5,1,0.2,5,0
5,1,0.2,5,0
5,1,0.2,7,0
5,1,0.2,5,0
5,1,0.2,7,0
4,1,0.2,4,0
6,1,0.2,6,0
4,1,0.2,6,0
5,1,0.2,5,0
5,1,0.2,5,0
5,1,0.2,5,0
5,1,0.2,7,0
4,1,0.2,6,0
6,1,0.2,6,0
5,1,0.2,5,0
4,1,0.2,4,0
5,1,0.2,7,0
5,1,0.2,5,0
5,1,0.2,5,0
5,1,0.2,5,0
5,1,0.2,7,0
5,1,0.2,7,0
5,1,0.2,5,0
5,1,0.2,5,0
4,1,0.2,4,0
5,1,0.2,7,0
5,1,0.2,5,0
5,1,0.2,5,0
5,1,0.2,5,0
5,1,0.2,9,0
5,1,0.2,5,0
5,1,0.2,5,0
5,1,0.2,5,0
4,1,0.2,4,0
6,1,0.2,8,0
5,1,0.2,5,0
4,1,0.2,4,0
5,1,0.2,7,0
5,1,0.2,7,0
5,1,0.2,5,0
5,1,0.2,5,0
5,1,0.2,5,0
5,1,0.2,7,0
4,1,0.2,4,0
5,1,0.2,5,0
5,1,0.2,5,0
5,1,0.2,9,0
5,1,0.2,5,0
5,1,0.2,5,0
5,1,0.2,5,0
5,1,0.2,7,0
5,1,0.2,5,0
5,1,0.2,5,0
4,1,0.2,4,0
5,1,0.2,9,0
5,1,0.2,5,0
5,1,0.2,5,0
5,1,0.2,5,0
5,1,0.2,7,0
5,1,0.2,5,0
5,1,0.2,5,0
5,1,0.2,5,0
5,1,0.2,7,0
4,1,0.2,6,0
5,1,0.2,5,0
5,1,0.2,5,0
5,1,0.2,5,0
5,1,0.2,7,0
5,1,0.2,5,0
5,1,0.2,5,0
5,1,0.2,5,0
5,1,0.2,7,0
5,1,0.2,7,0
4,1,0.2,4,0
5,1,0.2,5,0
5,1,0.2,6,0
5,1,0.2,5,0
5,1,0.2,5,0
5,1,0.2,5,0
5,1,0.2,5,0
4,1,0.2,6,0
6,1,0.2,8,0
4,1,0.2,4,0
5,1,0.2,5,0
5,1,0.2,5,0
5,1,0.2,5,0
5,1,0.2,5,0
5,1,0.2,5,0
5,1,0.2,5,0
5,1,0.2,5,0
5,1,0.2,7,0
4,1,0.2,6,0
5,1,0.2,5,0
5,1,0.2,5,0
5,1,0.2,5,0
5,1,0.2,5,0
5,1,0.2,5,0
5,1,0.2,5,0
5,1,0.2,5,0
4,1,0.2,6,0
5,1,0.2,7,0
5,1,0.2,5,0
5,1,0.2,5,0
5,1,0.2,5,0
5,1,0.2,5,0
5,1,0.2,5,0
5,1,0.2,5,0
5,1,0.2,5,0
4,1,0.2,4,0
6,1,0.2,8,0
4,1,0.2,6,0
5,1,0.2,5,0
5,1,0.2,5,0
5,1,0.2,5,0
5,1,0.2,5,0
5,1,0.2,5,0
5,1,0.2,5,0
4,1,0.2,4,0
5,1,0.2,7,0
6,1,0.2,6,0
4,1,0.2,6,0
5,1,0.2,5,0
5,1,0.2,5,0
5,1,0.2,5,0
5,1,0.2,5,0
4,1,0.2,4,0
6,1,0.2,6,0
5,1,0.2,7,0
4,1,0.2,4,0
5,1,0.2,5,0
5,1,0.2,7,0
5,1,0.2,5,0
5,1,0.2,5,0
5,1,0.2,5,0
5,1,0.2,5,0
5,1,0.2,5,0
5,1,0.2,5,0
4,1,0.2,6,0
5,1,0.2,5,0
5,1,0.2,5,0
5,1,0.2,7,0
5,1,0.2,5,0
5,1,0.2,5,0
5,1,0.2,5,0
5,1,0.2,7,0
5,1,0.2,5,0
5,1,0.2,5,0
4,1,0.2,4,0
5,1,0.2,5,0
5,1,0.2,7,0
5,1,0.2,5,0
5,1,0.2,7,0
5,1,0.2,5,0
5,1,0.2,5,0
4,1,0.2,4,0
5,1,0.2,5,0
5,1,0.2,5,0
5,1,0.2,7,0
5,1,0.2,5,0
5,1,0.2,7,0
5,1,0.2,5,0
5,1,0.2,5,0
5,1,0.2,5,0
4,1,0.2,4,0
5,1,0.2,5,0
6,1,0.2,8,0
4,1,0.2,6,0
5,1,0.2,5,0
5,1,0.2,5,0
5,1,0.2,5,0
5,1,0.2,5,0
5,1,0.2,5,0
5,1,0.2,5,0
4,1,0.2,6,0
5,1,0.2,7,0
5,1,0.2,5,0
5,1,0.2,5,0
5,1,0.2,5,0
5,1,0.2,5,0
5,1,0.2,5,0
5,1,0.2,5,0
5,1,0.2,9,0
5,1,0.2,5,0
4,1,0.2,4,0
5,1,0.2,5,0
5,1,0.2,5,0
5,1,0.2,5,0
5,1,0.2,5,0
5,1,0.2,7,0
5,1,0.2,7,0
5,1,0.2,5,0
5,1,0.2,5,0
4,1,0.2,4,0
5,1,0.2,5,0
5,1,0.2,5,0
5,1,0.2,5,0
5,1,0.2,7,0
5,1,0.2,7,0
5,1,0.2,5,0
5,1,0.2,5,0
4,1,0.2,4,0
6,1,0.2,6,0
4,1,0.2,4,0
5,1,0.2,5,0
5,1,0.2,7,0
5,1,0.2,7,0
5,1,0.2,5,0
5,1,0.2,5,0
4,1,0.2,4,0
5,1,0.2,5,0
6,1,0.2,6,0
4,1,0.2,6,0
5,1,0.2,5,0
5,1,0.2,7,0
5,1,0.2,5,0
5,1,0.2,5,0
5,1,0.2,5,0
5,1,0.2,5,0
5,1,0.2,5,0
4,1,0.2,6,0
6,1,0.2,6,0
5,1,0.2,7,0
4,1,0.2,4,0
5,1,0.2,5,0
5,1,0.2,5,0
5,1,0.2,5,0
5,1,0.2,5,0
5,1,0.2,7,0
5,1,0.2,5,0
4,1,0.2,4,0
5,1,0.2,7,0
5,1,0.2,5,0
5,1,0.2,5,0
5,1,0.2,5,0
5,1,0.2,5,0
5,1,0.2,7,0
5,1,0.2,5,0
5,1,0.2,7,0
4,1,0.2,4,0
6,1,0.2,6,0
5,1,0.2,5,0
4,1,0.2,4,0
5,1,0.2,7,0
5,1,0.2,5,0
5,1,0.2,5,0
5,1,0.2,7,0
5,1,0.2,5,0
5,1,0.2,5,0
4,1,0.2,4,0
6,1,0.2,6,0
5,1,0.2,7,0
4,1,0.2,4,0
5,1,0.2,5,0
5,1,0.2,7,0
5,1,0.2,5,0
5,1,0.2,5,0
5,1,0.2,5,0
5,1,0.2,5,0
4,1,0.2,6,0
5,1,0.2,5,0
5,1,0.2,5,0
5,1,0.2,7,0
5,1,0.2,5,0
5,1,0.2,5,0
5,1,0.2,7,0
5,1,0.2,5,0
5,1,0.2,5,0
5,1,0.2,5,0
4,1,0.2,4,0
5,1,0.2,7,0
5,1,0.2,7,0
5,1,0.2,5,0
3.666666667,0.666666667,0.466666667,6,0
5,1,0.2,5,0
5,1,0.2,5,0
4,1,0.2,6,0
5,1,0.2,5,0
5,1,0.2,7,0
5,1,0.2,5,0
5,1,0.2,5,0
5,1,0.2,5,0
5,1,0.2,7,0
5,1,0.2,5,0
5,1,0.2,5,0
5,1,0.2,7,0
5,1,0.2,5,0
4,1,0.2,4,0
5,1,0.2,7,0
5,1,0.2,5,0
5,1,0.2,5,0
5,1,0.2,5,0
5,1,0.2,5,0
5,1,0.2,9,0
4,1,0.2,4,0
6,1,0.2,6,0
5,1,0.2,5,0
4,1,0.2,4,0
5,1,0.2,5,0
5,1,0.2,7,0
5,1,0.2,7,0
5,1,0.2,5,0
5,1,0.2,5,0
5,1,0.2,5,0
4,1,0.2,4,0
6,1,0.2,8,0
5,1,0.2,5,0
4,1,0.2,6,0
5,1,0.2,5,0
5,1,0.2,5,0
5,1,0.2,5,0
5,1,0.2,7,0
5,1,0.2,5,0
5,1,0.2,5,0
4,1,0.2,6,0
5,1,0.2,5,0
5,1,0.2,7,0
5,1,0.2,5,0
5,1,0.2,5,0
5,1,0.2,5,0
5,1,0.2,5,0
5,1,0.2,7,0
5,1,0.2,5,0
5,1,0.2,5,0
1.949571814,0.170642399,33536.76587,207998,1
1.922579556,0.156832953,35540.96863,221315,1
1.926397901,0.160650918,31561.56787,195631,1
1.924192957,0.157088761,36020.36858,227329,1
1.936831913,0.161050564,36353.76779,228657,1
1.948601893,0.162177073,35526.56756,222637,1
1.937360443,0.163699302,33857.16726,208730,1
1,0,12648.2,63245,1
1.926059787,0.159106007,35525.96818,221618,1
1,0,45259.8,226307,1
1.964626618,0.176654659,32979.56467,210340,1
1.960863271,0.171984146,31637.7656,211181,1
1.94113727,0.159732515,34813.16805,218790,1
1.946472366,0.161977,35148.1676,222395,1
1.927327521,0.15624305,35969.56875,228502,1
1.91864822,0.157737383,35922.96845,224065,1
1.926915779,0.164462567,34677.76711,213068,1
1.885212632,0.147024267,39321.3706,250831,1
1.930050519,0.15944826,35233.96811,221571,1
1.91882541,0.162598986,32024.76748,200307,1
1.934479533,0.159291346,35921.56814,226442,1
1.947549279,0.167390409,33989.96652,215256,1
1.926221716,0.162470471,35134.96751,219052,1
1.928930205,0.166394667,34681.36672,215156,1
1.908814692,0.16007789,35742.56798,221280,1
1.927144339,0.158272258,35857.16835,225175,1
1.926628952,0.164741694,34822.96705,218720,1
1.938719553,0.169358498,31292.16613,195885,1
1.900022199,0.161141018,36037.96777,224210,1
1.922820321,0.160704743,35553.36786,223237,1
1.918147979,0.1632694,35891.56735,222812,1
1.933292672,0.163165266,35414.36737,221431,1
1.930458835,0.159450709,34779.36811,218420,1
1.928482627,0.163703234,30887.56726,193167,1
1.945308619,0.164257494,33815.16715,212357,1
1.917349558,0.1560706,35535.16879,224120,1
1.920655237,0.166016909,34063.9668,211968,1
1.902058452,0.155328863,35133.16893,220711,1
1.92746663,0.162658873,35106.56747,220962,1
1.92349261,0.158318431,35899.76834,227471,1
1.892897584,0.155224819,36914.16896,233213,1
1.824517224,0.107448539,28273.97851,173641,1
2.088862607,0.196143048,34835.76077,229305,1
2.098119315,0.204218985,35837.95916,238344,1
2.106437272,0.204085104,35269.55918,230186,1
2.104001474,0.203680954,35816.75926,234142,1
2.122668517,0.210335155,34580.95793,230232,1
1.946078569,0.168778416,35499.76624,214235,1
1.920967194,0.155016398,36468.369,223444,1
1.905811771,0.153548903,32502.96929,197506,1
1.922715288,0.158077661,36713.56838,222953,1
1.936293501,0.158015787,35826.7684,221714,1
1.937055183,0.161689994,35351.56766,217330,1
1.933979114,0.162393065,35161.56752,213855,1
1.92294704,0.158268216,35653.36835,220044,1
1.932158551,0.16100161,35910.1678,220250,1
1.904078732,0.153970319,33206.36921,201939,1
1.942842453,0.164059131,36177.16719,223246,1
1.941985567,0.155466871,36583.96891,230885,1
1.91990853,0.158928562,36033.76821,220839,1
1.931335898,0.156312127,37020.76874,229708,1
1.932088528,0.158458195,34971.96831,215200,1
1.928717743,0.159419322,35930.36812,222441,1
1.892401139,0.152519008,33223.3695,202184,1
1.929060502,0.157441965,35314.56851,216131,1
1.921412845,0.15627385,36425.76875,222894,1
1.900634907,0.153954227,37296.76921,230861,1
1.916009019,0.15535513,37253.96893,233333,1
1.931976412,0.161507674,35678.7677,220026,1
1.946095407,0.166417009,37250.96672,248589,1
1.971703924,0.166850602,31170.36663,198162,1
1.971224268,0.170078322,34626.36598,220303,1
1.932625589,0.158444012,35568.36831,220214,1
1.906554171,0.160553379,34869.36789,214630,1
1.93901259,0.160898762,34518.56782,216811,1
1.912343308,0.157755388,33010.56845,203922,1
1.919006655,0.159266577,35733.76815,219100,1
1.903498146,0.158662119,32194.16827,196237,1
1.898214705,0.149709904,35781.17006,232128,1
2.123041162,0.21618245,33297.75676,232455,1
2.006691938,0.192711543,34399.56146,232603,1
2.035090288,0.204789991,34146.15904,230528,1
1.985791359,0.186777433,33993.36264,231706,1
2.090860167,0.207126172,33818.95857,233021,1
1.866477821,0.15387393,32124.96923,209136,1
1.915797071,0.165915527,36300.36682,240680,1
2.095500756,0.202504224,33974.5595,231911,1
2.0691673,0.201535133,34759.15969,235749,1
1.76955404,0.137593456,37263.37248,239805,1
1.843085482,0.143799372,36812.37124,240256,1
2.117022756,0.206215492,33072.15876,227717,1
2.090021002,0.207801049,31139.35844,214930,1
1.822004027,0.149997031,37051.37,241046,1
2.085711421,0.206193349,33913.75876,233508,1
1.930113491,0.1713343,35156.96573,231417,1
1.925307494,0.159291446,36016.96814,226675,1
1.932183624,0.162521585,35672.7675,225082,1
1.849251793,0.154516432,31261.3691,189954,1
2.103283149,0.21019826,33370.35796,232767,1
1.850557379,0.147278201,36868.97054,241961,1
1.760124375,0.119756658,36984.97605,237939,1
2.070169831,0.193801867,36294.76124,238970,1
2.112093703,0.213557089,34918.95729,223688,1
1.965535167,0.176026523,34626.56479,213580,1
1.950478385,0.169315576,35410.76614,217565,1
1.914595686,0.159972247,31707.96801,191359,1
1.92690975,0.168755405,36305.76625,221051,1
1.916352459,0.161451991,34159.96771,207718,1
1.932723614,0.165551235,35382.36689,217185,1
1.929115371,0.158742493,36033.16825,222675,1
1.931307434,0.161523888,36737.5677,226983,1
1.936506786,0.163540593,35880.96729,219200,1
1.921457515,0.15973723,32575.96805,198845,1
1.950781865,0.167854646,36336.16643,226703,1
1.91458345,0.157710241,35601.96846,218111,1
1.938379385,0.165324447,34569.56694,212358,1
1.938403255,0.160019859,37060.368,232939,1
1.912467735,0.162631552,35100.16747,212192,1
1.937431827,0.165171206,36488.16697,224962,1
1.930970022,0.159717314,35091.96806,215941,1
1.931887811,0.163916112,35447.36722,217068,1
1.915916703,0.158499698,32068.1683,196534,1
1.929553512,0.162249767,37514.96755,236106,1
1.939949143,0.164151593,36022.76717,222965,1
1.940317738,0.162172287,35236.56757,217374,1
1.935594923,0.168268936,35844.96635,221685,1
1.938352114,0.164208412,35851.96716,221298,1
1.919394211,0.160923739,36131.36782,219493,1
1.930363584,0.166092184,34929.96678,213571,1
1.917724125,0.161208851,32546.56776,201124,1
1.940474275,0.161800543,34798.36764,217033,1
1.895087386,0.161308566,36424.56774,238494,1
1.814181906,0.146809372,36550.77064,236471,1
1.828503282,0.147824575,36811.17044,241254,1
1.753436232,0.121250283,37162.77575,237323,1
2.044108396,0.200673896,32111.75987,214347,1
2.113424758,0.205399869,26163.55892,178870,1
2.103118651,0.205558209,34752.15889,233144,1
2.013655401,0.189319318,34477.16214,227206,1
2.097049122,0.209058782,33955.95819,233134,1
2.006524571,0.182953118,34699.56341,223337,1
1.931913801,0.15811024,31944.76838,200532,1
1.938633327,0.175718312,35625.16486,216591,1
1.95408614,0.169623673,35091.76608,218067,1
1.939027994,0.167940634,35872.16641,222888,1
1.92257513,0.1601921,35564.76796,217795,1
2.077735181,0.204143701,34326.75917,227190,1
2.087625106,0.212833007,34270.95743,231148,1
2.095671386,0.212041048,34398.95759,228028,1
2.012441125,0.195654529,31379.76087,211501,1
2.062119078,0.18997599,34652.762,235958,1
1.964935065,0.158490336,32801.9683,223472,1
2.117267351,0.209256192,31758.15815,214209,1
2.086662642,0.199557249,28819.76009,193729,1
2.124386922,0.205371267,32744.55893,223516,1
1.852056698,0.141689312,35401.37166,230045,1
2.030097372,0.201723656,30029.15966,196690,1
2.066767766,0.193533245,33234.56129,226377,1
2.078313905,0.201944013,33250.75961,228850,1
1.899880335,0.160306073,35599.36794,219585,1
1.926238612,0.167651288,29351.36647,180622,1
2.070641973,0.202463827,33671.15951,220915,1
2.086746327,0.200207279,32805.95996,221819,1
2.00151709,0.174374766,35330.76513,238268,1
2.0459226,0.206548794,31095.75869,204623,1
1.951781744,0.181937397,35077.96361,233277,1
2.014944414,0.189409572,34019.36212,222125,1
1.927161401,0.165957007,34852.36681,212084,1
1.927139429,0.168470804,33090.56631,200566,1
1.933861398,0.161848819,33707.96763,210025,1
1.938975778,0.166393767,35421.96672,220547,1
1.892493826,0.157557998,31259.56849,187232,1
1.94906032,0.170219712,36757.16596,229953,1
1.931927025,0.16558322,35288.56688,214780,1
1.938979367,0.170479056,35699.3659,218567,1
1.926019233,0.16279986,36041.76744,222456,1
1.943806261,0.16767389,36370.56647,226525,1
1.92390757,0.157757511,35745.96845,221773,1
1.933605073,0.168235617,35671.36635,216843,1
1.918717039,0.158803392,32424.96824,199108,1
1.940540295,0.168166224,35210.36637,217936,1
1.932654199,0.163421074,32649.36732,205170,1
1.981471981,0.180592803,34304.76388,220699,1
1.954259125,0.174572424,33654.76509,211125,1
1.951992154,0.171906735,34465.16562,216613,1
1.957691087,0.179382268,34021.16412,211780,1
2.140686134,0.201912473,26478.75962,178245,1
1.736102853,0.112377126,37334.97752,237933,1
1.679341255,0.095565891,36724.38089,231547,1
1.80468627,0.119995642,33041.176,215178,1
1.709001174,0.097573,37321.78049,236501,1
1.698280993,0.099731315,34612.98005,219963,1
1.70883278,0.100502631,34020.9799,216140,1
1.629803543,0.084614278,38929.58308,241389,1
1.639534884,0.083892693,35397.58322,220089,1
1.66874052,0.088839756,38896.98223,244680,1
1.669457712,0.091366786,37142.58173,233691,1
1.687797199,0.09383774,36970.18123,234111,1
1.620045671,0.07921772,38799.38416,241237,1
1.670778281,0.091197957,33044.58176,207369,1
1.682875156,0.093801752,35022.78124,221127,1
1.695201287,0.099202319,36430.58016,231329,1
1.667507199,0.093343097,36326.18133,227678,1
1.664542863,0.090783361,37887.98184,237825,1
1.644007183,0.087361905,38868.18253,242562,1
1.688847494,0.09627623,34035.38074,215164,1
1.622491911,0.080338986,39930.78393,248026,1
1.656747632,0.08733409,38921.78253,244309,1
1.642742187,0.084039953,39766.78319,248768,1
1.630242222,0.084432391,38790.78311,241261,1
1.642997481,0.083314861,39699.98334,247956,1
1.653635657,0.088308616,34497.18234,215393,1
1.70765044,0.097448002,36010.98051,229485,1
1.726277351,0.104380232,34669.37912,221258,1
1.670029366,0.092543535,38956.78149,244412,1
1.723447676,0.102622304,38416.57948,245322,1
1.69806543,0.098082425,35304.98038,223742,1
1.721124021,0.101064577,37009.97979,236653,1
1.679375835,0.095763265,32170.98085,201742,1
1.759115798,0.110963694,35575.57781,229049,1
1.829035208,0.122404793,32145.77552,210832,1
1.736792839,0.104547467,35681.37909,228172,1
1.756000542,0.112145731,35396.77757,227146,1
1.725555972,0.105300097,33625.77894,213671,1
1.7525625,0.111037062,36312.17779,232602,1
1.774774876,0.115310691,35691.37694,231018,1
1.77152144,0.11274811,35810.77745,231591,1
1.823421419,0.124094576,35949.97518,235523,1
1.792760963,0.116472145,36568.37671,237377,1
1.963854868,0.166738865,30471.56665,203833,1
1.295807384,0.056884421,38119.38862,210590,1
1.001012764,0.000359937,56676.59993,282397,1
1.260780176,0.049594252,47763.59008,258988,1
1.392520932,0.072355593,45337.18553,250634,1
1.902784876,0.151628968,33653.16967,217041,1
1.03816044,0.006759652,46215.39865,233063,1
1.386013399,0.058610131,39583.58828,226240,1
1.001591269,0.000721098,57689.79986,287703,1
1.268789201,0.048284583,47766.79034,260304,1
1.001752594,0.000635862,50325.39987,250831,1
1.243764408,0.044045415,51101.79119,274384,1
1.244291548,0.045411931,51625.19092,276757,1
1.001296512,0.000723317,58618.79986,292361,1
1.340249805,0.048118013,47316.99038,265606,1
1.004469825,0.001639189,52708.99967,262875,1
1.0005828,0.000487433,56623.1999,282306,1
1.109311563,0.019841488,54532.19603,281931,1
1.142252896,0.025203955,50452.39496,262279,1
1.000545697,0.000602938,52409.99988,261312,1
1.230545692,0.043808902,52098.99124,278243,1
1.107850239,0.025669466,53012.39487,270849,1
1.663070676,0.098552878,32851.38029,204287,1
1.486453547,0.054369589,41353.98913,246292,1
1.683884408,0.098114417,37441.98038,234265,1
1.595683053,0.092885469,42465.18142,261570,1
1.597020788,0.082704178,41245.78346,254473,1
1.585740312,0.076084495,40617.98478,249452,1
1.540795399,0.066602766,37349.78668,226619,1
1.583493794,0.07481905,40508.38504,249426,1
1.54813281,0.067502949,41532.9865,252764,1
1.54032822,0.065803491,42617.78684,258278,1
1.535994938,0.065897519,40772.38682,247952,1
1.585668388,0.074413366,39777.78512,245308,1
1.490672371,0.05784433,36836.78843,220279,1
1.57432663,0.076788099,41032.38464,251857,1
1.477390107,0.05286392,43719.78943,260803,1
1.519366086,0.060753306,41242.18785,249397,1
1.486902217,0.055753478,42946.18885,257196,1
1.510405129,0.064410833,40806.78712,245238,1
1.522884686,0.066285336,41119.18674,248081,1
1.534299246,0.068603891,37035.78628,224107,1
1.497858051,0.05603674,42764.78879,257742,1
1.496836901,0.059795573,43849.38804,262575,1
1.512321194,0.063225164,41749.18735,251638,1
1.557144183,0.076993342,40943.7846,249428,1
1.497113596,0.062863985,39252.98743,234958,1
1.539627188,0.068939847,40835.58621,247462,1
1.502202866,0.059148225,43443.38817,261169,1
1.500706241,0.058474889,43327.98831,260157,1
1.484853861,0.058287422,42835.98834,256290,1
1.508647427,0.062113931,38496.98758,232004,1
1.473630469,0.049181716,42503.59016,253680,1
1.537429009,0.073118888,42434.98538,256394,1
1.47245479,0.051965969,44359.78961,264193,1
1.531360781,0.063810111,41523.18724,251379,1
1.459169907,0.053990424,45363.5892,268563,1
1.501062077,0.058161798,41993.18837,252868,1
1.468002846,0.056004042,38797.1888,230362,1
1.561315275,0.075260906,41317.58495,252619,1
1.483498611,0.056107512,43038.78878,257061,1
1.482222574,0.055364384,43009.58893,256919,1
1.483554391,0.058148917,44121.18837,262938,1
1.612413579,0.087554211,34771.58249,214548,1
1.561863685,0.07237521,42058.58552,257305,1
1.538442466,0.067672353,41139.38647,249233,1
1.546698012,0.067431312,42110.98651,256685,1
1.753213156,0.114374942,38809.17713,245375,1
1.601404317,0.080710829,40133.38386,247341,1
1.851409314,0.134748217,35903.97305,236473,1
1.642050893,0.086646434,34267.98267,214328,1
1.831208624,0.124070885,37401.17519,245496,1
1.679974919,0.094569452,38913.18109,245121,1
1.773779387,0.111577531,37448.37768,242192,1
1.887391686,0.151771416,36467.96965,233337,1
1.869749065,0.138741218,36041.17225,237379,1
1.885060948,0.137363023,37031.77253,245142,1
1.924637519,0.152549964,35725.96949,237501,1
1.966976656,0.159600968,33721.56808,227429,1
1.104504145,0.018682816,48151.19626,248312,1
1.179796708,0.035965301,53696.19281,279841,1
1.328493448,0.050326089,48912.98993,268375,1
1.803458399,0.142374452,39717.77153,251412,1
1.767594438,0.120222128,35727.17596,229458,1
1.622282609,0.091973244,41142.38161,251268,1
1.141710572,0.028638711,53675.59427,277026,1
1.237412958,0.042227495,51842.99155,279343,1
1.443753658,0.053931568,45101.58921,265689,1
1.59743637,0.078616688,41222.78428,254847,1
1.666174618,0.089560405,35091.38209,221840,1
1.639565254,0.085055979,40354.58299,251998,1
1.582407943,0.073655292,41495.98527,254640,1
1.651825193,0.088221042,39623.18236,247640,1
1.655779517,0.088393539,37952.98232,238801,1
1.677012462,0.097070928,38244.18059,240925,1
1.628529616,0.08482293,35669.58304,221792,1
1.675453515,0.089084725,38807.98218,245259,1
1.652338929,0.088858136,38731.38223,242277,1
1.6717085,0.091756787,37856.58165,238764,1
1.643420357,0.084432349,40126.78311,250775,1
1.697041826,0.09881983,36130.38024,229263,1
1.650667534,0.087649903,35039.38247,219652,1
1.635963879,0.082340966,39887.78353,248735,1
1.621582846,0.080149015,41123.38397,255315,1
1.652588162,0.088286177,39421.78234,247129,1
1.662715854,0.092976024,38405.5814,240935,1
1.652040258,0.087547901,37995.18249,237687,1
1.622910731,0.082998676,35658.3834,221783,1
1.631879049,0.084741643,37846.78305,236169,1
1.595126426,0.077582739,40766.78448,251367,1
1.62882375,0.084479519,37253.9831,231644,1
1.641422685,0.088604436,36061.38228,225145,1
1.675236885,0.091365374,34468.18173,216875,1
1.613185092,0.081281971,38315.98374,237435,1
1.630618833,0.085662428,34820.38287,216839,1
1.683606557,0.102459016,34159.97951,215070,1
1.631683249,0.083731972,39258.58325,244330,1
1.683754326,0.09989488,32534.18002,203132,1
1.999374065,0.321486367,13100.3357,66459,1
1.769539273,0.121057813,32913.17579,208617,1
1.594833979,0.077827388,38567.38443,236961,1
1.765060377,0.122162967,35477.17557,228405,1
1.662118548,0.092011198,34578.3816,216747,1
1.69924485,0.098459444,31728.78031,200838,1
1.676617394,0.094728809,35380.98105,223355,1
1.650269345,0.088372239,38315.18233,239696,1
1.635933438,0.083593444,39854.78328,249182,1
1.596575431,0.076614461,40378.78468,249116,1
1.626364369,0.08431398,38460.98314,239125,1
1.620493765,0.081981186,39184.5836,243775,1
1.667845112,0.09088312,33603.58182,211206,1
1.605066307,0.075114869,39784.38498,246531,1
1.641461459,0.085758847,36418.38285,228047,1
1.62688968,0.083958295,37175.58321,230198,1
1.666229236,0.087551034,37034.38249,233078,1
1.654541106,0.088814485,31778.58224,198990,1
1.687553781,0.096329696,34863.58073,220104,1
1.680170683,0.093472093,35668.38131,225205,1
1.637512488,0.084928883,38837.18301,242392,1
1.629843885,0.082262578,39240.18355,244418,1
1.721728817,0.102432956,34566.97951,220605,1
2.008080557,0.170635037,27349.56587,185702,1
1.733557089,0.104976103,35276.579,225689,1
1.831023463,0.123149239,35485.37537,233008,1
1.686230014,0.093440861,38514.18131,243685,1
1.828896016,0.12613647,36230.57477,238510,1
1.788032879,0.115683622,36814.17686,238897,1
2.019229893,0.181521987,35111.9637,231519,1
1.838215619,0.132057441,31392.37359,206857,1
2.009687444,0.174472844,32371.76511,217471,1
1.188956068,0.033803149,50941.99324,268953,1
1.246771317,0.045485442,50020.3909,268057,1
1.002471299,0.001188726,51147.19976,254921,1
1.000838732,0.000390935,56275.39992,280774,1
1.269972612,0.050325182,44836.38993,242759,1
1.434250916,0.082384394,44435.58352,245310,1
1.083796216,0.016459765,51956.99671,265482,1
1.25907473,0.050816681,44276.78984,236612,1
1.001223612,0.000638719,55736.59987,278033,1
1.239202876,0.043875009,51856.39122,278083,1
1.001846693,0.000931306,50251.99981,250445,1
1.326216996,0.058313201,46774.98834,255537,1
1.181203111,0.034159693,50784.99317,265750,1
1.238261426,0.045254771,50602.39095,270271,1
1.001708146,0.000505369,59362.5999,295884,1
1.240262365,0.050179684,45524.38996,240835,1
1.015957311,0.002413589,55021.79952,276141,1
1.973193955,0.160976036,34342.9678,230568,1
1.55660782,0.075486953,40568.5849,247239,1
1.343280522,0.053899352,46820.58922,262752,1
1.920237513,0.147873413,33918.17043,227459,1
1.694289899,0.10448296,31813.7791,200906,1
1.822416038,0.125105894,35176.57498,230799,1
7.5,1,0.2,5,0
7.5,1,0.2,5,0
7.5,1,0.2,5,0
7.5,1,0.2,8,0
7.5,1,0.2,5,0
6,1,0.2,7,0
7.5,1,0.2,5,0
7.5,1,0.2,5,0
7.5,1,0.2,5,0
7.5,1,0.2,8,0
7.5,1,0.2,5,0
7.5,1,0.2,5,0
7.5,1,0.2,5,0
6,1,0.2,4,0
7.5,1,0.2,11,0
7.5,1,0.2,5,0
7.5,1,0.2,5,0
7.5,1,0.2,5,0
7.5,1,0.2,5,0
6,1,0.2,4,0
7.5,1,0.2,8,0
9,1,0.2,6,0
6,1,0.2,4,0
7.5,1,0.2,8,0
7.5,1,0.2,5,0
7.5,1,0.2,8,0
7.5,1,0.2,5,0
7.5,1,0.2,5,0
7.5,1,0.2,5,0
6,1,0.2,4,0
7.5,1,0.2,5,0
7.5,1,0.2,8,0
7.5,1,0.2,8,0
7.5,1,0.2,5,0
7.5,1,0.2,5,0
7.5,1,0.2,5,0
7.5,1,0.2,8,0
7.5,1,0.2,5,0
6,1,0.2,4,0
7.5,1,0.2,5,0
7.5,1,0.2,5,0
7.5,1,0.2,11,0
7.5,1,0.2,5,0
7.5,1,0.2,5,0
7.5,1,0.2,5,0
7.5,1,0.2,5,0
6,1,0.2,4,0
7.5,1,0.2,8,0
7.5,1,0.2,5,0
7.5,1,0.2,5,0
7.5,1,0.2,8,0
7.5,1,0.2,5,0
7.5,1,0.2,8,0
7.5,1,0.2,5,0
6,1,0.2,4,0
7.5,1,0.2,5,0
7.5,1,0.2,5,0
7.5,1,0.2,8,0
7.5,1,0.2,5,0
7.5,1,0.2,8,0
7.5,1,0.2,5,0
7.5,1,0.2,5,0
7.5,1,0.2,5,0
7.5,1,0.2,8,0
6,1,0.2,4,0
7.5,1,0.2,5,0
7.5,1,0.2,5,0
7.5,1,0.2,5,0
7.5,1,0.2,11,0
7.5,1,0.2,5,0
7.5,1,0.2,5,0
7.5,1,0.2,5,0
7.5,1,0.2,5,0
6,1,0.2,7,0
7.5,1,0.2,5,0
7.5,1,0.2,8,0
7.5,1,0.2,5,0
7.5,1,0.2,5,0
7.5,1,0.2,5,0
7.5,1,0.2,8,0
7.5,1,0.2,5,0
6,1,0.2,4,0
7.5,1,0.2,8,0
7.5,1,0.2,5,0
7.5,1,0.2,5,0
7.5,1,0.2,8,0
7.5,1,0.2,5,0
7.5,1,0.2,5,0
6,1,0.2,4,0
9,1,0.2,9,0
7.5,1,0.2,5,0
6,1,0.2,7,0
7.5,1,0.2,5,0
7.5,1,0.2,5,0
7.5,1,0.2,5,0
7.5,1,0.2,5,0
6,1,0.2,7,0
7.5,1,0.2,5,0
7.5,1,0.2,8,0
7.5,1,0.2,5,0
7.5,1,0.2,5,0
7.5,1,0.2,5,0
7.5,1,0.2,5,0
7.5,1,0.2,8,0
7.5,1,0.2,8,0
7.5,1,0.2,5,0
6,1,0.2,4,0
7.5,1,0.2,5,0
7.5,1,0.2,5,0
7.5,1,0.2,5,0
7.5,1,0.2,11,0
7.5,1,0.2,5,0
7.5,1,0.2,5,0
7.5,1,0.2,5,0
6,1,0.2,4,0
7.5,1,0.2,5,0
7.5,1,0.2,8,0
7.5,1,0.2,8,0
7.5,1,0.2,5,0
7.5,1,0.2,5,0
7.5,1,0.2,5,0
7.5,1,0.2,5,0
7.5,1,0.2,8,0
6,1,0.2,4,0
7.5,1,0.2,5,0
7.5,1,0.2,5,0
7.5,1,0.2,5,0
7.5,1,0.2,8,0
7.5,1,0.2,8,0
7.5,1,0.2,5,0
7.5,1,0.2,5,0
7.5,1,0.2,5,0
6,1,0.2,4,0
7.5,1,0.2,5,0
7.5,1,0.2,8,0
7.5,1,0.2,5,0
7.5,1,0.2,5,0
7.5,1,0.2,8,0
7.5,1,0.2,5,0
7.5,1,0.2,5,0
7.5,1,0.2,5,0
7.5,1,0.2,8,0
6,1,0.2,4,0
7.5,1,0.2,5,0
7.5,1,0.2,5,0
7.5,1,0.2,5,0
7.5,1,0.2,5,0
7.5,1,0.2,8,0
7.5,1,0.2,5,0
6,1,0.2,7,0
7.5,1,0.2,5,0
7.5,1,0.2,5,0
7.5,1,0.2,5,0
7.5,1,0.2,5,0
7.5,1,0.2,5,0
7.5,1,0.2,5,0
7.5,1,0.2,8,0
7.5,1,0.2,5,0
6,1,0.2,7,0
7.5,1,0.2,5,0
7.5,1,0.2,5,0
7.5,1,0.2,5,0
7.5,1,0.2,5,0
7.5,1,0.2,8,0
7.5,1,0.2,5,0
6,1,0.2,4,0
7.5,1,0.2,5,0
7.5,1,0.2,5,0
7.5,1,0.2,8,0
7.5,1,0.2,5,0
7.5,1,0.2,5,0
7.5,1,0.2,8,0
7.5,1,0.2,5,0
7.5,1,0.2,5,0
7.5,1,0.2,5,0
7.5,1,0.2,5,0
6,1,0.2,4,0
7.5,1,0.2,5,0
7.5,1,0.2,11,0
7.5,1,0.2,5,0
7.5,1,0.2,5,0
7.5,1,0.2,5,0
7.5,1,0.2,5,0
6,1,0.2,4,0
7.5,1,0.2,5,0
7.5,1,0.2,5,0
7.5,1,0.2,8,0
7.5,1,0.2,5,0
7.5,1,0.2,8,0
6,1,0.2,4,0
9,1,0.2,6,0
7.5,1,0.2,5,0
7.5,1,0.2,5,0
6,1,0.2,7,0
7.5,1,0.2,5,0
7.5,1,0.2,5,0
7.5,1,0.2,5,0
7.5,1,0.2,5,0
7.5,1,0.2,8,0
7.5,1,0.2,5,0
7.5,1,0.2,8,0
6,1,0.2,4,0
7.5,1,0.2,5,0
7.5,1,0.2,5,0
7.5,1,0.2,5,0
7.5,1,0.2,5,0
7.5,1,0.2,8,0
7.5,1,0.2,8,0
6,1,0.2,4,0
7.5,1,0.2,5,0
7.5,1,0.2,5,0
7.5,1,0.2,8,0
7.5,1,0.2,5,0
7.5,1,0.2,5,0
7.5,1,0.2,5,0
6,1,0.2,4,0
9,1,0.2,9,0
7.5,1,0.2,8,0
7.5,1,0.2,5,0
6,1,0.2,4,0
7.5,1,0.2,5,0
7.5,1,0.2,5,0
7.5,1,0.2,8,0
7.5,1,0.2,5,0
7.5,1,0.2,5,0
7.5,1,0.2,5,0
6,1,0.2,7,0
7.5,1,0.2,8,0
7.5,1,0.2,5,0
7.5,1,0.2,5,0
7.5,1,0.2,5,0
7.5,1,0.2,5,0
7.5,1,0.2,8,0
6,1,0.2,4,0
7.5,1,0.2,5,0
7.5,1,0.2,5,0
7.5,1,0.2,8,0
7.5,1,0.2,5,0
7.5,1,0.2,8,0
7.5,1,0.2,5,0
7.5,1,0.2,5,0
7.5,1,0.2,5,0
7.5,1,0.2,5,0
7.5,1,0.2,8,0
6,1,0.2,4,0
7.5,1,0.2,8,0
7.5,1,0.2,5,0
7.5,1,0.2,5,0
7.5,1,0.2,8,0
7.5,1,0.2,5,0
6,1,0.2,4,0
7.5,1,0.2,8,0
7.5,1,0.2,5,0
7.5,1,0.2,5,0
7.5,1,0.2,8,0
7.5,1,0.2,5,0
5.333333333,0.666666667,0.466666667,9,0
7.5,1,0.2,5,0
7.5,1,0.2,5,0
7.5,1,0.2,8,0
7.5,1,0.2,5,0
6,1,0.2,4,0
7.5,1,0.2,8,0
7.5,1,0.2,5,0
7.5,1,0.2,8,0
7.5,1,0.2,5,0
7.5,1,0.2,5,0
6,1,0.2,4,0
7.5,1,0.2,8,0
7.5,1,0.2,5,0
7.5,1,0.2,8,0
7.5,1,0.2,5,0
7.5,1,0.2,5,0
7.5,1,0.2,6,0
7.5,1,0.2,8,0
7.5,1,0.2,8,0
6,1,0.2,4,0
7.5,1,0.2,5,0
7.5,1,0.2,5,0
7.5,1,0.2,8,0
7.5,1,0.2,8,0
7.5,1,0.2,5,0
7.5,1,0.2,5,0
7.5,1,0.2,5,0
6,1,0.2,4,0
7.5,1,0.2,8,0
7.5,1,0.2,8,0
7.5,1,0.2,5,0
7.5,1,0.2,5,0
7.5,1,0.2,5,0
7.5,1,0.2,5,0
7.5,1,0.2,11,0
7.5,1,0.2,5,0
6,1,0.2,4,0
7.5,1,0.2,5,0
7.5,1,0.2,5,0
7.5,1,0.2,8,0
7.5,1,0.2,8,0
7.5,1,0.2,5,0
7.5,1,0.2,5,0
7.5,1,0.2,5,0
7.5,1,0.2,8,0
7.5,1,0.2,8,0
6,1,0.2,4,0
7.5,1,0.2,5,0
7.5,1,0.2,5,0
7.5,1,0.2,5,0
7.5,1,0.2,8,0
7.5,1,0.2,8,0
7.5,1,0.2,5,0
7.5,1,0.2,5,0
7.5,1,0.2,5,0
6,1,0.2,7,0
7.5,1,0.2,5,0
7.5,1,0.2,8,0
7.5,1,0.2,5,0
7.5,1,0.2,5,0
7.5,1,0.2,8,0
6,1,0.2,4,0
7.5,1,0.2,5,0
7.5,1,0.2,8,0
7.5,1,0.2,5,0
7.5,1,0.2,8,0
7.5,1,0.2,5,0
7.5,1,0.2,5,0
7.5,1,0.2,8,0
7.5,1,0.2,8,0
7.5,1,0.2,5,0
6,1,0.2,4,0
7.5,1,0.2,5,0
7.5,1,0.2,5,0
7.5,1,0.2,11,0
7.5,1,0.2,5,0
7.5,1,0.2,5,0
7.5,1,0.2,5,0
6,1,0.2,4,0
7.5,1,0.2,8,0
9,1,0.2,9,0
6,1,0.2,4,0
7.5,1,0.2,5,0
7.5,1,0.2,8,0
7.5,1,0.2,5,0
7.5,1,0.2,8,0
7.5,1,0.2,5,0
6,1,0.2,4,0
7.5,1,0.2,8,0
9,1,0.2,6,0
6,1,0.2,4,0
7.5,1,0.2,8,0
7.5,1,0.2,8,0
5.666666667,0.666666667,0.466666667,5,0
7.5,1,0.2,5,0
7.5,1,0.2,5,0
6,1,0.2,4,0
7.5,1,0.2,11,0
7.5,1,0.2,5,0
7.5,1,0.2,5,0
7.5,1,0.2,5,0
7.5,1,0.2,8,0
7.5,1,0.2,5,0
7.5,1,0.2,8,0
7.5,1,0.2,5,0
7.5,1,0.2,8,0
6,1,0.2,4,0
7.5,1,0.2,5,0
7.5,1,0.2,8,0
7.5,1,0.2,5,0
7.5,1,0.2,8,0
7.5,1,0.2,5,0
6,1,0.2,4,0
7.5,1,0.2,5,0
7.5,1,0.2,8,0
7.5,1,0.2,8,0
7.5,1,0.2,5,0
7.5,1,0.2,5,0
7.5,1,0.2,5,0
7.5,1,0.2,8,0
6,1,0.2,7,0
7.5,1,0.2,5,0
9,1,0.2,6,0
7.5,1,0.2,5,0
6,1,0.2,4,0
7.5,1,0.2,5,0
7.5,1,0.2,11,0
7.5,1,0.2,5,0
7.5,1,0.2,5,0
7.5,1,0.2,5,0
7.5,1,0.2,5,0
7.5,1,0.2,8,0
6,1,0.2,4,0
7.5,1,0.2,8,0
7.5,1,0.2,5,0
7.5,1,0.2,5,0
7.5,1,0.2,5,0
7.5,1,0.2,8,0
6,1,0.2,4,0
9,1,0.2,6,0
6,1,0.2,4,0
7.5,1,0.2,8,0
7.5,1,0.2,5,0
7.5,1,0.2,8,0
7.5,1,0.2,5,0
2.897469006,0.286910635,26795.74262,127267,1
2.890397536,0.295203911,36942.54096,184891,1
2.880541013,0.289782367,38431.54204,189853,1
2.969475456,0.293117579,36115.14138,179218,1
2.897469006,0.286910635,26795.74262,127267,1
2.890397536,0.295203911,36942.54096,184891,1
2.880541013,0.289782367,38431.54204,189853,1
2.969475456,0.293117579,36115.14138,179218,1
2.960164903,0.283941185,36384.94321,178155,1
2.910803231,0.271483088,39149.3457,201235,1
3.058388389,0.289120949,35661.14218,177765,1
3.016490685,0.288086683,36177.94238,179291,1
3.001912034,0.285951014,31380.14281,156739,1
2.97280993,0.269411579,36800.14612,183274,1
3.046101081,0.294410882,34463.34112,174163,1
3.008452695,0.276220169,35089.34476,166681,1
3.042256827,0.281032805,34933.94379,178165,1
3.074825879,0.287687715,34573.54246,172206,1
3.047532107,0.279545261,35272.94409,174734,1
2.978207407,0.276880087,35213.74462,170965,1
2.908488953,0.275264166,33104.14495,159934,1
2.991006227,0.280789391,35713.54384,172056,1
3.007934283,0.279662035,34962.14407,165911,1
2.990496675,0.294778548,35334.94104,171587,1
3.02776243,0.283510484,36560.1433,180246,1
2.924902112,0.279808848,32434.94404,147212,1
3.01532972,0.287048185,36712.94259,177228,1
3.045073064,0.286240252,34983.14275,174680,1
2.919859526,0.258948814,40491.34821,210994,1
2.959483236,0.257899728,36488.54842,178637,1
2.983852829,0.273281843,37703.14534,189899,1
3.022083123,0.270688943,34859.14586,174089,1
2.962511562,0.263296754,38054.34734,190315,1
2.939499881,0.25891627,38614.74822,195118,1
2.99494294,0.274569255,35751.94509,176133,1
2.993985927,0.274477957,35217.3451,173998,1
3.016423785,0.28139228,35010.14372,170285,1
3.003921418,0.277098918,36466.34458,181897,1
2.961509021,0.284395845,36579.94312,177015,1
2.938866606,0.282239855,34455.74355,166681,1
2.948536758,0.275983995,38236.9448,186758,1
3.02483529,0.291281613,36488.34174,173475,1
2.951456507,0.275044499,39663.34499,192864,1
2.961802308,0.275267896,38279.74495,188367,1
3.00431278,0.276543735,35754.14469,171631,1
3.011505988,0.286956706,37806.34261,180467,1
2.949485269,0.279866249,37980.94403,185580,1
2.885140208,0.272218164,39427.14556,197259,1
2.900107271,0.271547055,38220.94569,190379,1
2.930955352,0.265740791,36865.94685,170323,1
3.045142889,0.290983607,36111.9418,172641,1
3.005766324,0.278623183,37181.34428,180193,1
2.963601413,0.271093101,38495.94578,187871,1
2.830346188,0.263321648,36511.94734,186382,1
3.0350435,0.28148081,35310.3437,171636,1
2.952323153,0.274665282,37733.14507,186925,1
2.984872986,0.270095762,34877.94598,166629,1
3.04399067,0.281011012,35671.1438,176008,1
2.858994433,0.260751878,40490.54785,208840,1
2.993738524,0.276714347,36381.14466,173665,1
3.016158731,0.276645972,33888.74467,163408,1
2.957773324,0.279282027,36725.54414,174519,1
2.981773185,0.282523797,36769.9435,177384,1
3.013069783,0.283316606,35272.14334,168227,1
2.990568187,0.28482015,36875.14304,173511,1
3.028847648,0.279419724,37320.14412,182190,1
2.91789202,0.273289683,37662.54534,192839,1
3.012703073,0.281372466,32968.34373,162253,1
3.014357484,0.27619038,39491.54476,189992,1
2.96471792,0.264400054,38506.74712,191939,1
3.002786489,0.268675132,38901.94626,192229,1
3.038149833,0.270151726,38028.94597,189217,1
3.032009296,0.273571879,38382.54529,187505,1
3.062847492,0.284938002,38130.34301,188756,1
2.97829927,0.267412018,38496.34652,189973,1
3.054929019,0.293145108,37826.94137,187392,1
3.032382664,0.292358804,37384.14153,177976,1
3.017501223,0.281925084,39254.34361,190655,1
2.969236013,0.273036653,39903.74539,199066,1
2.916331682,0.268198311,39852.54636,198774,1
3.021599197,0.28662932,37843.94267,182247,1
3.04238021,0.284668244,38621.74307,185016,1
2.974008094,0.283096691,36172.74338,175734,1
2.994098111,0.280988718,39444.9438,193960,1
2.958737621,0.28046189,39905.54391,196312,1
3.035115958,0.285878739,39264.14282,190560,1
2.964225783,0.27805302,40045.54439,192229,1
3.018049207,0.277979655,38417.1444,189893,1
2.975609756,0.276190752,41377.14476,205768,1
3.014739114,0.281031181,39473.14379,192258,1
3.038557072,0.285061499,40179.34299,196642,1
2.955538726,0.266355431,41726.14673,211820,1
3.001161122,0.268731335,39444.54625,191490,1
3.032934774,0.284032429,39174.34319,196117,1
2.897755426,0.262888059,43028.14742,219694,1
3.015342322,0.275015354,34192.945,163316,1
3.012672967,0.276768837,38301.94465,187281,1
3.048599803,0.289852588,37337.54203,179481,1
3.056177179,0.280114045,38090.14398,184786,1
2.997095539,0.274648707,39525.34507,197932,1
3.078208861,0.287202419,39090.14256,193937,1
2.966931655,0.272872834,35598.94543,171630,1
2.993811759,0.28703478,38556.94259,187454,1
3.043710279,0.288259359,38864.94235,189041,1
3.027520177,0.286163422,37913.94277,184019,1
2.964655538,0.271551682,40521.14569,203399,1
2.977381723,0.267647913,39242.54647,190048,1
2.878797068,0.258641523,42868.54827,224569,1
2.983496871,0.268520951,38828.9463,188928,1
2.977152927,0.279173301,38814.54417,191998,1
2.998890036,0.269845798,38559.74603,190277,1
3.032527158,0.281922655,38792.14362,187635,1
2.931043368,0.260326721,41135.94793,207550,1
3.03426134,0.282124761,39432.14358,192891,1
3.000139085,0.275501478,38825.1449,193841,1
3.016311213,0.275325782,38476.54493,187359,1
2.900656941,0.267885473,34919.34642,162475,1
2.947997478,0.274547285,39340.34509,199339,1
2.918877802,0.264533016,42331.14709,218527,1
2.939330117,0.264110746,41117.54718,206795,1
3.007612137,0.27723477,37650.34455,184230,1
3.001335134,0.279119732,39097.14418,191060,1
3.004415889,0.279017203,38225.5442,186264,1
2.98231632,0.27242344,39674.94552,198364,1
2.920115841,0.26088037,41850.54782,205451,1
2.95094771,0.270151088,41816.54597,211414,1
2.944001085,0.262807747,41275.74744,205022,1
3.00512699,0.28020529,37994.94396,186044,1
2.844853094,0.261465905,37445.74771,187813,1
3.023225354,0.273341378,38785.14533,188877,1
3.046818765,0.282163985,38676.74357,187658,1
2.989263676,0.278550284,38374.34429,187981,1
3.021040576,0.284655886,39466.54307,192644,1
3.023540731,0.275871285,37415.94483,177811,1
3.000177344,0.290286131,39471.34194,192105,1
2.998913473,0.273634456,39943.74527,194807,1
3.019334584,0.279156583,39752.54417,196273,1
3.066723816,0.290364903,38262.14193,184941,1
2.886232178,0.257999188,41872.9484,211668,1
3.00920231,0.274131978,38403.34517,190970,1
3.005072427,0.276180587,35249.34476,173424,1
3.03087707,0.28090804,38747.14382,190677,1
3.027964103,0.285521762,39178.7429,193814,1
2.940506214,0.270241665,41950.54595,213754,1
3.001451578,0.278845664,39267.54423,191876,1
2.988018008,0.274422709,39893.14512,196261,1
2.902176048,0.265831548,42756.34683,214639,1
3.06703096,0.281837814,39638.34363,193775,1
2.942924438,0.266708325,41607.94666,210308,1
2.998267504,0.282535717,38903.34349,193054,1
3.040545823,0.282820694,39397.34344,191314,1
3.018494654,0.279383042,39730.34412,189994,1
2.969475703,0.272029327,39935.34559,195426,1
3.008370524,0.275319149,38539.94494,192144,1
3.006880014,0.283867057,37616.14323,179485,1
2.995862272,0.277927035,38040.14441,194706,1
2.966645658,0.269456235,35857.34611,175439,1
2.999638413,0.280890372,41483.74382,210575,1
3.016249654,0.273251691,39766.94535,194935,1
2.985877927,0.266955942,40192.34661,201385,1
2.949727455,0.265776071,42488.34684,220853,1
3.033928008,0.286664013,38687.74267,184079,1
3.05434038,0.284837298,38247.74303,185632,1
2.86337329,0.263012687,42262.5474,215713,1
2.973619235,0.273056837,40825.14539,200822,1
2.978550705,0.277923867,41222.74442,206920,1
2.958294577,0.280957183,40853.14381,204613,1
3.049503703,0.283209574,39673.74336,189800,1
3.071845782,0.285371959,37391.14293,183613,1
3.005091544,0.273436688,38495.14531,188865,1
3.051930808,0.282987232,38408.7434,191157,1
3.005013041,0.27308363,39337.34538,193732,1
2.994580912,0.283030924,40375.74339,200614,1
2.957627071,0.273096418,35314.94538,174200,1
2.904494435,0.268362979,42051.94633,211013,1
3.021150475,0.279028887,39138.54419,190847,1
3.00484968,0.285935927,38930.34281,188029,1
2.908391139,0.252301208,42325.54954,215578,1
3.025490728,0.277982038,39818.3444,197571,1
2.987920978,0.265380962,39158.74692,191840,1
2.991529024,0.278117423,38602.34438,191679,1
2.894727978,0.25890873,42750.14822,221850,1
3.024623915,0.279293526,38953.94414,190368,1
2.992698588,0.281408174,38841.74372,186047,1
2.986150123,0.277662661,39090.54447,190930,1
3.021377341,0.27446647,38732.54511,189008,1
3.039865191,0.286731201,38098.34265,188836,1
2.988754316,0.272330933,39268.34553,197210,1
2.978980554,0.281729381,35462.34365,172718,1
2.985234059,0.272176237,40254.74556,197765,1
2.975476977,0.272905272,39530.14542,195067,1
3.018677805,0.282227801,39597.74355,195101,1
2.947164188,0.265119163,39995.54698,199135,1
3.024370985,0.285533803,39259.74289,196152,1
2.987835115,0.278433967,39605.74431,195071,1
3.025934057,0.278893699,38991.14422,190917,1
3.023446436,0.276227847,38990.94475,191162,1
3.039599403,0.281835592,37803.54363,183032,1
3.043366044,0.286627794,37969.74267,184957,1
2.98038776,0.27520336,39240.74496,190860,1
3.004668184,0.278752921,39458.54425,194613,1
2.984869453,0.275039939,41188.14499,202052,1
3.025732485,0.288369787,39529.74233,190666,1
3.048658502,0.280922814,35109.94382,170561,1
3.057482651,0.288020916,39166.5424,190805,1
2.985891729,0.272974945,40302.54541,195392,1
3.058851084,0.285005405,38853.943,188041,1
2.977671108,0.275755058,39957.14485,199867,1
3.037554066,0.288184409,39026.34236,191559,1
3.01304447,0.292056252,39464.94159,192385,1
3.017239577,0.275275838,40186.54494,192410,1
3.054758419,0.289681745,38930.94206,193578,1
3.024250102,0.278081909,39785.34438,197153,1
3.011831689,0.277437882,40044.94451,194690,1
2.995916843,0.272930536,39626.14541,191139,1
2.976645027,0.268202633,40573.74636,204147,1
2.978725969,0.269380663,39823.14612,195022,1
2.96282083,0.264784692,41275.74704,202282,1
2.999654085,0.274405803,39894.14512,201311,1
2.985909957,0.265158561,36124.74697,176800,1
2.921109286,0.261146677,42362.34777,211611,1
3.060571528,0.278659829,38962.14427,190629,1
3.028175291,0.282347116,40389.94353,199527,1
2.961790124,0.272897553,39827.34542,195147,1
3.046838228,0.280529081,39177.34389,191974,1
3.010290781,0.26838996,40016.34632,197995,1
3.007898685,0.269983978,39196.346,195184,1
2.976100604,0.273446339,39950.74531,204703,1
3.084171072,0.285737566,39272.34285,189857,1
3.039493224,0.271841736,38517.94563,187296,1
2.939919091,0.272590296,41280.94548,204080,1
3.00636248,0.272394918,39607.14552,191420,1
3.002861741,0.282029875,39765.94359,191567,1
3.00501282,0.283962116,38221.94321,183130,1
2.995031882,0.277367734,40618.94453,200232,1
3.001459854,0.280372793,39592.94393,195492,1
2.93731529,0.270804169,36002.34584,176231,1
3.055777378,0.279992897,39420.944,194595,1
2.99471851,0.276742175,40480.94465,195304,1
3.01592641,0.284970775,39657.34301,193293,1
3.03757356,0.283657033,39831.14327,194417,1
3.040401743,0.28554676,39567.54289,193474,1
3.062678862,0.289290979,39206.14214,188166,1
2.950833983,0.275209359,40552.34496,196910,1
3.019195192,0.274702747,39999.54506,192900,1
3.079120191,0.282977435,38981.1434,190410,1
3.00594777,0.274341515,39241.54513,195691,1
2.968592425,0.269306049,39544.54614,191281,1
3.056125948,0.284914775,39952.94302,195643,1
2.973974748,0.275142618,40107.14497,194216,1
2.948092256,0.272619925,36923.14548,181863,1
2.982179085,0.279877543,38348.14402,181972,1
3.049810287,0.291566253,39586.14169,194713,1
3.011652729,0.282588714,39818.94348,191106,1
3.033580232,0.283740259,39368.34325,193414,1
3.000410104,0.275721352,39502.14486,191914,1
3.047607361,0.285984754,39930.7428,194624,1
3.020340671,0.276093236,40155.94478,195305,1
3.010694312,0.283515786,40339.1433,196084,1
2.990095068,0.274211784,40686.74516,203323,1
3.000096259,0.27723625,39476.74455,191589,1
3.039293538,0.277300687,39894.54454,194782,1
3.010928231,0.272825405,38908.34543,188309,1
3.029155211,0.279463492,39574.34411,194048,1
2.993227438,0.277964667,35909.54441,173493,1
2.972854994,0.273256694,39631.54535,191906,1
3.031930608,0.277658797,39128.54447,194080,1
3.029564003,0.277445241,39527.74451,195384,1
2.977508524,0.273703365,40886.54526,201436,1
2.998336861,0.275095838,41006.74498,201114,1
3.062377858,0.285261165,39093.94295,192771,1
2.991470872,0.279771484,39769.54405,192411,1
3.006888899,0.289956367,39832.14201,192957,1
2.988320613,0.274460717,41063.74511,202515,1
2.99253679,0.283591964,39902.34328,193699,1
2.955616226,0.27170418,40803.14566,205517,1
2.984934757,0.274644128,40463.94507,201610,1
3.034817745,0.281677966,39795.74366,192866,1
3.094267452,0.291630178,39737.94167,189120,1
3.020221439,0.282879806,36307.94342,176875,1
3.07905532,0.283753048,38954.94325,186455,1
2.969650171,0.272386054,40922.74552,199538,1
3.021583107,0.282886195,38511.54342,186476,1
2.955419576,0.276511609,42130.5447,214719,1
3.033521053,0.276270336,40237.34475,203123,1
2.969060055,0.273341164,40012.94533,191813,1
3.048060708,0.279648103,39375.14407,194961,1
2.980910587,0.270383484,40105.94592,198296,1
3.058587267,0.289123507,39288.34218,189647,1
3.043699269,0.285813309,39817.54284,192568,1
3.043127979,0.27978176,39992.54404,195179,1
3.015821292,0.279288312,40691.94414,198990,1
3.005967855,0.277713318,40852.14446,200076,1
3.033772768,0.278091979,39747.94438,195590,1
2.992078598,0.277845418,40245.34443,197126,1
2.969326794,0.2729658,39637.14541,194069,1
3.065540904,0.284140857,39404.34317,194668,1
3.011278883,0.287804275,40464.94244,202175,1
3.025446373,0.283946424,35329.14321,170828,1
3.012402526,0.284247827,39395.14315,188581,1
3.052822724,0.283606616,38824.14328,190181,1
3.056022069,0.291407891,39512.94172,193153,1
3.012962331,0.271946626,40409.34561,204675,1
2.997577247,0.28029073,39541.74394,188240,1
3.004122662,0.272706451,39294.94546,195544,1
2.999916667,0.273489583,38399.9453,190562,1
2.997213989,0.276801375,39339.34464,194613,1
3.047352345,0.283483856,39351.7433,191436,1
3.004340749,0.286449596,40177.34271,194092,1
3.034577022,0.279949392,39361.34401,190203,1
3.034238513,0.279683271,39756.34406,193614,1
3.010296796,0.278533123,39643.34429,194653,1
3.037843341,0.276427902,39880.14471,195308,1
2.957544891,0.266449689,36009.74671,176739,1
2.944370515,0.260596562,40579.14788,201944,1
2.999308496,0.276140606,39912.94477,201614,1
2.983112539,0.26973765,40716.54605,199303,1
2.868180725,0.257934519,39901.54841,187656,1
3.080592656,0.284584259,39442.74308,194858,1
3.020544663,0.277462764,40068.74451,194373,1
3.025583679,0.281403441,35233.34372,168621,1
2.999214905,0.271904661,39740.34562,196341,1
3.022961482,0.268331073,40406.74633,197374,1
2.985479699,0.279618671,40825.54408,202320,1
3.05881834,0.285451866,38542.34291,184288,1
3.003114933,0.276048948,39487.14479,191061,1
3.045638601,0.285127616,38278.94297,188445,1
3.040954943,0.286979463,38661.9426,191989,1
3.016741055,0.278172221,39746.54437,195183,1
3.068311974,0.2906364,38485.14187,184879,1
3.00818805,0.277124144,40644.54458,206367,1
2.9315881,0.274846947,36686.54503,171863,1
3.007694777,0.277533658,39871.14449,196481,1
2.99849383,0.277562919,41163.94449,201312,1
3.000803974,0.27893935,40299.74421,194481,1
3.033154344,0.281288115,39518.14374,192273,1
3.029469181,0.286883256,39546.34262,193452,1
3.012546549,0.269278512,40441.34614,197815,1
3.053291793,0.283676314,39030.34326,191462,1
3.036075678,0.282012606,40043.5436,196348,1
3.035131854,0.283493328,38876.3433,190013,1
2.982217164,0.268923404,39892.34622,194942,1
3.020808666,0.276064996,39694.94479,193201,1
3.037038589,0.282635345,38176.34347,184552,1
3.042466045,0.28245327,35694.34351,176174,1
3.030730065,0.27977038,39752.54405,197916,1
3.011058026,0.284928128,38596.34301,187834,1
3.04129445,0.281778086,39269.14364,190363,1
2.830564214,0.242836106,38435.75143,189759,1
3.048246079,0.291040446,39642.54179,190054,1
3.043844643,0.285079014,39398.14298,192949,1
2.974436075,0.281349485,39641.74373,193581,1
2.992417482,0.284001593,39670.1432,193993,1
2.958578282,0.276822465,39940.34464,194956,1
3.02734399,0.293349728,39035.94133,195038,1
2.952715869,0.267078999,41261.14658,201782,1
3.003000955,0.290951161,39587.34181,193575,1
3.019291306,0.269546241,40598.54609,201011,1
3.003976746,0.28882048,34953.14224,168427,1
3.051430191,0.285213627,38805.94296,189163,1
2.991150486,0.279008933,40521.9442,200346,1
124872.5,1,0.2,83247,1
159321,1,0.2,106213,1
157248,1,0.2,104833,1
108106.6667,0.666666667,0.466666667,108110,1
156429,1,0.2,104286,1
140939,1,0.2,93962,1
161270.5,1,0.2,107515,1
160524,1,0.2,107015,1
160522.5,1,0.2,107018,1
159705,1,0.2,106470,1
143325,1,0.2,95551,1
158067,1,0.2,105377,1
159705,1,0.2,106470,1
159703.5,1,0.2,106472,1
159705,1,0.2,106470,1
141685.5,1,0.2,94461,1
158230.5,1,0.2,105486,1
158722.5,1,0.2,105815,1
157246.5,1,0.2,104834,1
161363,1,0.2,107575,1
138199,1,0.2,92132,1
158259,1,0.2,105507,1
156501.5,1,0.2,104334,1
161269,1,0.2,107516,1
157146,1,0.2,104764,1
158986.5,1,0.2,105994,1
141687,1,0.2,94458,1
156429,1,0.2,104286,1
158884.5,1,0.2,105926,1
156152.5,1,0.2,104102,1
159162.5,1,0.2,106108,1
161343,1,0.2,107561,1
140868,1,0.2,93913,1
157246,1,0.2,104835,1
154180,1,0.2,102789,1
152124.5,1,0.2,101417,1
156429,1,0.2,104286,1
152334,1,0.2,101555,1
137590.5,1,0.2,91731,1
153972,1,0.2,102648,1
149877,1,0.2,99918,1
148474,1,0.2,98982,1
145547,1,0.2,97032,1
134314.5,1,0.2,89546,1
143564,1,0.2,95712,1
145541.5,1,0.2,97027,1
147420,1,0.2,98281,1
154021,1,0.2,102681,1
156378.5,1,0.2,104255,1
141687,1,0.2,94458,1
162981,1,0.2,108654,1
162143.5,1,0.2,108095,1
156447.5,1,0.2,104299,1
151494,1,0.2,100999,1
103213.6667,0.666666667,0.466666667,103217,1
137580,1,0.2,91720,1
152383,1,0.2,101588,1
156380,1,0.2,104254,1
153970.5,1,0.2,102650,1
155610,1,0.2,103740,1
135954,1,0.2,90635,1
153970.5,1,0.2,102651,1
153153,1,0.2,102102,1
155608.5,1,0.2,103743,1
151515,1,0.2,101009,1
144144,1,0.2,96096,1
167895,1,0.2,111931,1
159703.5,1,0.2,106471,1
158065.5,1,0.2,105380,1
154791,1,0.2,103194,1
152334,1,0.2,101556,1
136773,1,0.2,91183,1
152332.5,1,0.2,101557,1
152334,1,0.2,101555,1
150696,1,0.2,100465,1
155608.5,1,0.2,103742,1
140049,1,0.2,93366,1
153970.5,1,0.2,102650,1
150696,1,0.2,100464,1
154791,1,0.2,103194,1
153153,1,0.2,102103,1
153972,1,0.2,102647,1
136770,1,0.2,91186,1
153153,1,0.2,102102,1
154791,1,0.2,103194,1
152334,1,0.2,101556,1
153384.5,1,0.2,102256,1
140287,1,0.2,93528,1
152682,1,0.2,101788,1
156427.5,1,0.2,104288,1
154791,1,0.2,103194,1
153153,1,0.2,102102,1
151513.5,1,0.2,101011,1
136773,1,0.2,91183,1
154791,1,0.2,103194,1
155610,1,0.2,103740,1
153151.5,1,0.2,102104,1
154862,1,0.2,103244,1
140795.5,1,0.2,93863,1
155651.5,1,0.2,103769,1
154749.5,1,0.2,103166,1
155610,1,0.2,103740,1
156427.5,1,0.2,104288,1
140047.5,1,0.2,93369,1
157248,1,0.2,104831,1
152334,1,0.2,101556,1
154791,1,0.2,103194,1
153151.5,1,0.2,102104,1
153271,1,0.2,102180,1
141569,1,0.2,94380,1
154789.5,1,0.2,103196,1
155610,1,0.2,103741,1
154789.5,1,0.2,103195,1
157161,1,0.2,104773,1
136860,1,0.2,91240,1
158321.5,1,0.2,105549,1
154995.5,1,0.2,103330,1
154812.5,1,0.2,103211,1
152669.5,1,0.2,101783,1
139230,1,0.2,92820,1
155610,1,0.2,103740,1
158065.5,1,0.2,105379,1
156429,1,0.2,104287,1
153153,1,0.2,102102,1
140049,1,0.2,93366,1
156429,1,0.2,104286,1
160521,1,0.2,107020,1
158067,1,0.2,105378,1
153153,1,0.2,102102,1
140049,1,0.2,93366,1
155819,1,0.2,103879,1
154580.5,1,0.2,103057,1
152334,1,0.2,101556,1
154791,1,0.2,103194,1
140047.5,1,0.2,93368,1
153972,1,0.2,102649,1
150694.5,1,0.2,100465,1
156429,1,0.2,104285,1
156429,1,0.2,104288,1
153153,1,0.2,102100,1
143966.5,1,0.2,95979,1
151691,1,0.2,101130,1
153970.5,1,0.2,102649,1
154791,1,0.2,103195,1
154791,1,0.2,103194,1
93636,0.666666667,0.466666667,93635,1
154962,1,0.2,103311,1
150937,1,0.2,100625,1
154791,1,0.2,103194,1
157248,1,0.2,104832,1
157246.5,1,0.2,104834,1
141685.5,1,0.2,94459,1
154791,1,0.2,103195,1
155610,1,0.2,103740,1
156429,1,0.2,104285,1
153153,1,0.2,102103,1
101008.6667,0.666666667,0.466666667,101012,1
136771.5,1,0.2,91184,1
156429,1,0.2,104286,1
151515,1,0.2,101011,1
155610,1,0.2,103739,1
154456,1,0.2,102975,1
138744.5,1,0.2,92495,1
149877,1,0.2,99918,1
152334,1,0.2,101557,1
155608.5,1,0.2,103741,1
153970.5,1,0.2,102651,1
153153,1,0.2,102101,1
156429,1,0.2,104288,1
141687,1,0.2,94456,1
152334,1,0.2,101556,1
157050,1,0.2,104704,1
153349.5,1,0.2,102232,1
153151.5,1,0.2,102104,1
152334,1,0.2,101556,1
140868,1,0.2,93913,1
152332.5,1,0.2,101557,1
153153,1,0.2,102102,1
152334,1,0.2,101556,1
153972,1,0.2,102648,1
142442,1,0.2,94962,1
154852,1,0.2,103240,1
157248,1,0.2,104832,1
154791,1,0.2,103194,1
154791,1,0.2,103194,1
137592,1,0.2,91729,1
152199,1,0.2,101465,1
152315,1,0.2,101544,1
151669,1,0.2,101112,1
155907,1,0.2,103944,1
154491,1,0.2,102994,1
137027,1,0.2,91352,1
154335.5,1,0.2,102890,1
155247,1,0.2,103498,1
155356.5,1,0.2,103572,1
151859,1,0.2,101238,1
156084,1,0.2,104056,1
138411,1,0.2,92274,1
154788,1,0.2,103198,1
158067,1,0.2,105378,1
155610,1,0.2,103741,1
155610,1,0.2,103739,1
139944,1,0.2,93297,1
154077,1,0.2,102717,1
155610,1,0.2,103740,1
156429,1,0.2,104286,1
154788,1,0.2,103198,1
140049,1,0.2,93366,1
153972,1,0.2,102649,1
155637,1,0.2,103757,1
155583,1,0.2,103722,1
155610,1,0.2,103740,1
139306,1,0.2,92872,1
153896,1,0.2,102596,1
151979,1,0.2,101322,1
154324,1,0.2,102886,1
154791,1,0.2,103194,1
140868,1,0.2,93912,1
155610,1,0.2,103741,1
155610,1,0.2,103740,1
153153,1,0.2,102101,1
155610,1,0.2,103740,1
155608.5,1,0.2,103743,1
140049,1,0.2,93365,1
154789.5,1,0.2,103196,1
150696,1,0.2,100464,1
156429,1,0.2,104286,1
154791,1,0.2,103194,1
140049,1,0.2,93366,1
154791,1,0.2,103194,1
154879,1,0.2,103253,1
155520.5,1,0.2,103683,1
154789.5,1,0.2,103196,1
153972,1,0.2,102648,1
138961,1,0.2,92641,1
152603,1,0.2,101735,1
152334,1,0.2,101556,1
160524,1,0.2,107017,1
138411,1,0.2,92274,1
156729,1,0.2,104485,1
154491,1,0.2,102994,1
156426,1,0.2,104290,1
156429,1,0.2,104286,1
154791,1,0.2,103194,1
139230,1,0.2,92821,1
155610,1,0.2,103739,1
157248,1,0.2,104832,1
156429,1,0.2,104287,1
156429,1,0.2,104286,1
139228.5,1,0.2,92821,1
153151.5,1,0.2,102104,1
157206.5,1,0.2,104805,1
154723,1,0.2,103148,1
151624.5,1,0.2,101083,1
155608.5,1,0.2,103742,1
141687,1,0.2,94458,1
152334,1,0.2,101556,1
154791,1,0.2,103194,1
152334,1,0.2,101556,1
137590.5,1,0.2,91730,1
152332.5,1,0.2,101558,1
154271.5,1,0.2,102847,1
140481,1,0.2,93655,1
149145.5,1,0.2,99430,1
129400.5,1,0.2,86270,1
157248,1,0.2,104832,1
152334,1,0.2,101556,1
153153,1,0.2,102102,1
152334,1,0.2,101556,1
153850.5,1,0.2,102573,1
136072.5,1,0.2,90716,1
153972,1,0.2,102647,1
150267,1,0.2,100178,1
152763,1,0.2,101842,1
152567.5,1,0.2,101715,1
153718.5,1,0.2,102479,1
137610.5,1,0.2,91740,1
155610,1,0.2,103740,1
153153,1,0.2,102105,1
153150,1,0.2,102103,1
152334,1,0.2,101556,1
138411,1,0.2,92274,1
154791,1,0.2,103194,1
156836.5,1,0.2,104558,1
156020,1,0.2,104016,1
154921,1,0.2,103281,1
151320.5,1,0.2,100880,1
134380.5,1,0.2,89587,1
154293,1,0.2,102865,1
156924,1,0.2,104619,1
153153,1,0.2,102102,1
150290.5,1,0.2,100193,1
139635.5,1,0.2,93091,1
153153,1,0.2,102103,1
153970.5,1,0.2,102649,1
155610,1,0.2,103741,1
157248,1,0.2,104831,1
135133.5,1,0.2,90092,1
152332.5,1,0.2,101558,1
155610,1,0.2,103740,1
159705,1,0.2,106470,1
157579,1,0.2,105053,1
152820.5,1,0.2,101883,1
140047.5,1,0.2,93368,1
149877,1,0.2,99918,1
152334,1,0.2,101556,1
157248,1,0.2,104832,1
153151.5,1,0.2,102104,1
139230,1,0.2,92820,1
152333,1,0.2,101556,1
154791,1,0.2,103195,1
154789.5,1,0.2,103196,1
155608.5,1,0.2,103742,1
154791,1,0.2,103193,1
139230,1,0.2,92821,1
151515,1,0.2,101009,1
156429,1,0.2,104287,1
155525.5,1,0.2,103686,1
153833.5,1,0.2,102556,1
153373,1,0.2,102252,1
137592,1,0.2,91728,1
154791,1,0.2,103194,1
153838,1,0.2,102561,1
150301.5,1,0.2,100201,1
155318,1,0.2,103546,1
153972,1,0.2,102648,1
135201.5,1,0.2,90133,1
155542,1,0.2,103699,1
155608.5,1,0.2,103741,1
154790,1,0.2,103195,1
157248,1,0.2,104832,1
138411,1,0.2,92274,1
149902,1,0.2,99938,1
151488.5,1,0.2,100992,1
152334,1,0.2,101556,1
156429,1,0.2,104286,1
152332.5,1,0.2,101558,1
140588,1,0.2,93728,1
156707.5,1,0.2,104471,1
151519,1,0.2,101014,1
156425,1,0.2,104282,1
152293,1,0.2,101530,1
140088.5,1,0.2,93395,1
153972,1,0.2,102647,1
151513.5,1,0.2,101013,1
152334,1,0.2,101556,1
157248,1,0.2,104832,1
140233.5,1,0.2,93492,1
152967,1,0.2,101978,1
153972,1,0.2,102648,1
150722.5,1,0.2,100482,1
158040.5,1,0.2,105360,1
139228.5,1,0.2,92822,1
155610,1,0.2,103740,1
152334,1,0.2,101555,1
153972,1,0.2,102648,1
152332.5,1,0.2,101559,1
153293.5,1,0.2,102196,1
140727.5,1,0.2,93818,1
154791,1,0.2,103194,1
154789.5,1,0.2,103196,1
101713.6667,0.666666667,0.466666667,101714,1
152097,1,0.2,101398,1
155610,1,0.2,103740,1
137592,1,0.2,91728,1
155608.5,1,0.2,103742,1
158067,1,0.2,105378,1
149877,1,0.2,99918,1
138411,1,0.2,92275,1
155608.5,1,0.2,103742,1
152334,1,0.2,101555,1
155610,1,0.2,103740,1
150953,1,0.2,100635,1
154534,1,0.2,103023,1
137162,1,0.2,91444,1
152761,1,0.2,101844,1
155610,1,0.2,103740,1
153953.5,1,0.2,102636,1
152352.5,1,0.2,101568,1
154791,1,0.2,103194,1
136773,1,0.2,91182,1
153153,1,0.2,102102,1
155608.5,1,0.2,103742,1
150694.5,1,0.2,100466,1
153972,1,0.2,102648,1
138411,1,0.2,92274,1
151515,1,0.2,101010,1
153972,1,0.2,102648,1
153153,1,0.2,102102,1
151513.5,1,0.2,101012,1
156429,1,0.2,104286,1
153153,1,0.2,102103,1
134318.5,1,0.2,89548,1
150692,1,0.2,100461,1
155341,1,0.2,103561,1
151784,1,0.2,101189,1
155608.5,1,0.2,103742,1
154385.5,1,0.2,102924,1
154957,1,0.2,103304,1
138660,1,0.2,92440,1
